iteration, reviewedItemsCount, tp, fp, fn, tn, tpr, ppv, tnr, bm, acc, err, f1
0, 0, 551, 44, 49, 2356, 0.9183333333333333, 0.9260504201680673, 0.9816666666666667, 0.8999999999999999, 0.969, 0.031, 0.9221757322175733
0a, 0, 546, 331, 54, 2669, 0.91, 0.6225769669327252, 0.8896666666666667, 0.7996666666666667, 0.8930555555555556, 0.10694444444444444, 0.7393364928909953
