iteration, reviewedItemsCount, tp, fp, fn, tn, tpr, ppv, tnr, bm, acc, err, f1
0, 0, 568, 32, 32, 2368, 0.9466666666666667, 0.9466666666666667, 0.9866666666666667, 0.9333333333333333, 0.9786666666666667, 0.021333333333333333, 0.9466666666666667
0a, 0, 574, 48, 26, 2952, 0.9566666666666667, 0.9228295819935691, 0.984, 0.9406666666666665, 0.9794444444444445, 0.020555555555555556, 0.9394435351882161
