iteration, reviewedItemsCount, tp, fp, fn, tn, tpr, ppv, tnr, bm, acc, err, f1
0, 0, 577, 20, 23, 2380, 0.9616666666666667, 0.966499162479062, 0.9916666666666667, 0.9533333333333334, 0.9856666666666667, 0.014333333333333333, 0.964076858813701
0a, 0, 586, 238, 14, 2762, 0.9766666666666667, 0.7111650485436893, 0.9206666666666666, 0.8973333333333333, 0.93, 0.07, 0.8230337078651686
