iteration, reviewedItemsCount, tp, fp, fn, tn, tpr, ppv, tnr, bm, acc, err, f1
0, 0, 580, 23, 20, 2377, 0.9666666666666667, 0.9618573797678275, 0.9904166666666666, 0.9570833333333333, 0.9856666666666667, 0.014333333333333333, 0.9642560266001663
0a, 0, 565, 22, 35, 2978, 0.9416666666666667, 0.9625212947189097, 0.9926666666666667, 0.9343333333333335, 0.9841666666666666, 0.015833333333333335, 0.9519797809604044
