iteration, reviewedItemsCount, tp, fp, fn, tn, tpr, ppv, tnr, bm, acc, err, f1
0, 0, 581, 24, 19, 2376, 0.9683333333333334, 0.9603305785123967, 0.99, 0.9583333333333335, 0.9856666666666667, 0.014333333333333333, 0.9643153526970955
0a, 0, 585, 105, 15, 2895, 0.975, 0.8478260869565217, 0.965, 0.94, 0.9666666666666667, 0.03333333333333333, 0.9069767441860466
