iteration, reviewedItemsCount, tp, fp, fn, tn, tpr, ppv, tnr, bm, acc, err, f1
0, 0, 2857, 143, 143, 14857, 0.9523333333333334, 0.9523333333333334, 0.9904666666666667, 0.9428000000000001, 0.9841111111111112, 0.01588888888888889, 0.9523333333333334
0a, 0, 2856, 744, 744, 17256, 0.7933333333333333, 0.7933333333333333, 0.9586666666666667, 0.752, 0.9311111111111111, 0.06888888888888889, 0.7933333333333333
